{
  "model_name": "Heston Stochastic Volatility",
  "calibration_data": {
    "total_options": 320,
    "calibration_subset": 50,
    "successful_pricing": 0
  },
  "calibrated_parameters": {
    "kappa": 6.772949508731695,
    "theta": 0.9814925690749023,
    "sigma_v": 0.4952965295749433,
    "rho": 0.987422994045748,
    "v0": 0.9816050911897619,
    "feller_condition_satisfied": true
  },
  "performance_metrics": {
    "heston_mae": 346.0535091678877,
    "bs_mae": 396.92493757364923,
    "heston_rmse": 347.3706778380398,
    "bs_rmse": 399.58705651355774,
    "heston_mape": 1407.1575972471576,
    "bs_mape": 1563.5222416114689,
    "mae_improvement_pct": 12.816385061803373,
    "rmse_improvement_pct": 13.06758510426032
  },
  "calibration_result": {
    "success": true,
    "final_rmse": 247.25200675795773,
    "function_evaluations": 780
  }
}