{
  "S0": 793.4124226880745,
  "r": 0.008871935256601168,
  "kappa": 6.772949508731695,
  "theta": 0.9814925690749023,
  "sigma_v": 0.4952965295749433,
  "rho": 0.987422994045748,
  "v0": 0.9816050911897619
}